First Name,Last Name,Email,Phone Number,Service,Price,Comments
Keanu,Reaves,sss@gmail.com,42435345,Web Development,$4000 - $10000,Testing yeah for sure this will be good
Bob,Martin,oi@wiiw.com,322228,Installation Service,$100 - $2000,Ska
Man,Mannko,giga@monka.su,79884559087,Graphic Design,$2000 - $4000,Man in all his manliness
Big,Boss,test@test.com,88005553535,Web Design,$4000 - $10000,"Well, this is test"
Biggg,Boss,test@test.com,88005553535,Web Design,$4000 - $10000,"Well, this is test"
sfsf,ewrwr,sfsf@fsf.com,123,Web Design,$100 - $2000,fsfsf
sfs,sfsf,sfsf@fsf.com,123,Installation Service,$100 - $2000,xcv
Keanu,aafafaf,sss@gmail.com,123,Installation Service,$100 - $2000,asda
iojiojo,Reaves,sss@gmail.com,42435345,Installation Service,$100 - $2000,sfsf
Keanu,Reaves,sss@gmail.com,42435345,Web Development,$2000 - $4000,Test
iojiojo,Boss,sss@gmail.com,123,Graphic Design,$2000 - $4000,Really good service!
sdsd,ewrwr,sfsf@fsf.com,900,Installation Service,$100 - $2000,ghgh
Big,Boss,dfdfd@gmail.com,777,Installation Service,$100 - $2000,I'm still in a dream.
Big,Boss,dfdfd@gmail.com,777,Installation Service,$100 - $2000,I'm still in a dream.
Big,Boss,dfdfd@gmail.com,777,Installation Service,$100 - $2000,I'm still in a dream.
Big,Boss,dfdfd@gmail.com,777,Installation Service,$100 - $2000,I'm still in a dream.
Big,Boss,dfdfd@gmail.com,777,Installation Service,$100 - $2000,I'm still in a dream.
Big,Boss,dfdfd@gmail.com,777,Installation Service,$100 - $2000,I'm still in a dream.
Big,Boss,dfdfd@gmail.com,777,Installation Service,$100 - $2000,I'm still in a dream.
Big,Boss,dfdfd@gmail.com,777,Installation Service,$100 - $2000,I'm still in a dream.
Big,Boss,dfdfd@gmail.com,777,Installation Service,$100 - $2000,I'm still in a dream.
Big,Boss,dfdfd@gmail.com,777,Installation Service,$100 - $2000,I'm still in a dream.
Big,Boss,dfdfd@gmail.com,777,Installation Service,$100 - $2000,I'm still in a dream.
Big,Boss,dfdfd@gmail.com,777,Installation Service,$100 - $2000,I'm still in a dream.
Big,Boss,dfdfd@gmail.com,777,Installation Service,$100 - $2000,I'm still in a dream.
Big,Boss,dfdfd@gmail.com,777,Installation Service,$100 - $2000,I'm still in a dream.
